marca,modelo,version
Chevrolet,Corsa,GL
Chevrolet,Corsa,GLS
Chevrolet,Corsa,Classic
Chevrolet,Astra,GL
Chevrolet,Astra,GLS
Chevrolet,Astra,Elite
Chevrolet,Vectra,GL
Chevrolet,Vectra,GLS
Chevrolet,Vectra,Elite
Chevrolet,Vectra,CD
Chevrolet,Meriva,GL
Chevrolet,Meriva,GLS
Chevrolet,Zafira,GL
Chevrolet,Zafira,GLS
Chevrolet,Zafira,CD
Chevrolet,Agile,LS
Chevrolet,Agile,LT
Chevrolet,Agile,LTZ
Chevrolet,Celta,Life
Chevrolet,Celta,Spirit
Chevrolet,Celta,Super
Chevrolet,Classic,LS
Chevrolet,Classic,LT
Chevrolet,Cruze,LS
Chevrolet,Cruze,LT
Chevrolet,Cruze,LTZ
Chevrolet,Cruze,Premier
Chevrolet,Cruze,RS
Chevrolet,Onix,LS
Chevrolet,Onix,LT
Chevrolet,Onix,LTZ
Chevrolet,Onix,Premier
Chevrolet,Onix,RS
Chevrolet,Prisma,LS
Chevrolet,Prisma,LT
Chevrolet,Prisma,LTZ
Chevrolet,Sonic,LS
Chevrolet,Sonic,LT
Chevrolet,Sonic,LTZ
Chevrolet,Cobalt,LS
Chevrolet,Cobalt,LT
Chevrolet,Cobalt,LTZ
Chevrolet,Spin,LS
Chevrolet,Spin,LT
Chevrolet,Spin,LTZ
Chevrolet,Spin,Activ
Chevrolet,Tracker,LS
Chevrolet,Tracker,LT
Chevrolet,Tracker,LTZ
Chevrolet,Tracker,Premier
Chevrolet,Tracker,RS
Chevrolet,Captiva,LS
Chevrolet,Captiva,LT
Chevrolet,Captiva,LTZ
Chevrolet,Equinox,LS
Chevrolet,Equinox,LT
Chevrolet,Equinox,LTZ
Chevrolet,Equinox,Premier
Chevrolet,Equinox,RS
Chevrolet,Trailblazer,LS
Chevrolet,Trailblazer,LT
Chevrolet,Trailblazer,LTZ
Chevrolet,Trailblazer,Premier
Chevrolet,S10,LS
Chevrolet,S10,LT
Chevrolet,S10,LTZ
Chevrolet,S10,High Country
Chevrolet,S10,Z71
Chevrolet,Silverado,LT
Chevrolet,Silverado,LTZ
Chevrolet,Silverado,High Country
Chevrolet,Camaro,LT
Chevrolet,Camaro,SS
Chevrolet,Camaro,ZL1
Ford,Fiesta,Ambiente
Ford,Fiesta,Edge
Ford,Fiesta,SE
Ford,Fiesta,Titanium
Ford,Fiesta,Kinetic
Ford,Focus,Ambiente
Ford,Focus,Edge
Ford,Focus,SE
Ford,Focus,Titanium
Ford,Focus,S
Ford,Focus,Ghia
Ford,Ka,Base
Ford,Ka,Fly
Ford,Ka,Viral
Ford,Ka,SE
Ford,Ka,SEL
Ford,EcoSport,XLS
Ford,EcoSport,XLT
Ford,EcoSport,Titanium
Ford,EcoSport,Storm
Ford,EcoSport,Freestyle
Ford,Fusion,SE
Ford,Fusion,SEL
Ford,Fusion,Titanium
Ford,Mondeo,GLX
Ford,Mondeo,Ghia
Ford,Mondeo,Titanium
Ford,Territory,Trend
Ford,Territory,Titanium
Ford,Territory,FX
Ford,Ranger,XL
Ford,Ranger,XLS
Ford,Ranger,XLT
Ford,Ranger,Limited
Ford,Ranger,Raptor
Ford,Ranger,Storm
Ford,F-100/F-150,XL
Ford,F-100/F-150,XLT
Ford,F-100/F-150,Lariat
Ford,F-100/F-150,Raptor
Ford,Maverick,XL
Ford,Maverick,XLT
Ford,Maverick,Lariat
Ford,Mustang,GT
Ford,Mustang,EcoBoost
Ford,Mustang,Mach 1
Ford,Mustang,Shelby GT500
Ford,Ecosport,XLS
Ford,Ecosport,XLT
Ford,Ecosport,Titanium
Ford,Ecosport,Storm
Ford,Escape/Kuga,S
Ford,Escape/Kuga,SE
Ford,Escape/Kuga,SEL
Ford,Escape/Kuga,Titanium
Ford,Escape/Kuga,ST-Line
Volkswagen,Gol,Trend
Volkswagen,Gol,Power
Volkswagen,Gol,GTI
Volkswagen,Gol,Track
Volkswagen,Fox,Trendline
Volkswagen,Fox,Comfortline
Volkswagen,Fox,Highline
Volkswagen,Polo,Trendline
Volkswagen,Polo,Comfortline
Volkswagen,Polo,Highline
Volkswagen,Polo,GTS
Volkswagen,Polo,GTI
Volkswagen,Voyage,Trendline
Volkswagen,Voyage,Comfortline
Volkswagen,Voyage,Highline
Volkswagen,Suran,Trendline
Volkswagen,Suran,Comfortline
Volkswagen,Suran,Highline
Volkswagen,Bora,Trendline
Volkswagen,Bora,Comfortline
Volkswagen,Bora,Highline
Volkswagen,Bora,GLI
Volkswagen,Vento,Trendline
Volkswagen,Vento,Comfortline
Volkswagen,Vento,Highline
Volkswagen,Vento,GLI
Volkswagen,Jetta,Trendline
Volkswagen,Jetta,Comfortline
Volkswagen,Jetta,Highline
Volkswagen,Jetta,GLI
Volkswagen,Passat,Trendline
Volkswagen,Passat,Comfortline
Volkswagen,Passat,Highline
Volkswagen,Golf,Trendline
Volkswagen,Golf,Comfortline
Volkswagen,Golf,Highline
Volkswagen,Golf,GTI
Volkswagen,Golf,R
Volkswagen,T-Cross,Trendline
Volkswagen,T-Cross,Comfortline
Volkswagen,T-Cross,Highline
Volkswagen,Taos,Trendline
Volkswagen,Taos,Comfortline
Volkswagen,Taos,Highline
Volkswagen,Tiguan,Trendline
Volkswagen,Tiguan,Comfortline
Volkswagen,Tiguan,Highline
Volkswagen,Tiguan,R-Line
Volkswagen,Nivus,Trendline
Volkswagen,Nivus,Comfortline
Volkswagen,Nivus,Highline
Volkswagen,Amarok,Trendline
Volkswagen,Amarok,Comfortline
Volkswagen,Amarok,Highline
Volkswagen,Amarok,Extreme
Volkswagen,Amarok,Panamericana
Volkswagen,Amarok,V6
Volkswagen,Up!,Take Up
Volkswagen,Up!,Move Up
Volkswagen,Up!,High Up
Renault,Clio,RN
Renault,Clio,RT
Renault,Clio,RxE
Renault,Clio,Authentique
Renault,Clio,Expression
Renault,Clio,Dynamique
Renault,Sandero,Authentique
Renault,Sandero,Expression
Renault,Sandero,Privilege
Renault,Sandero,Stepway
Renault,Sandero,RS
Renault,Logan,Authentique
Renault,Logan,Expression
Renault,Logan,Privilege
Renault,Megane,Authentique
Renault,Megane,Expression
Renault,Megane,Dynamique
Renault,Megane,Privilege
Renault,Fluence,Authentique
Renault,Fluence,Expression
Renault,Fluence,Privilege
Renault,Fluence,GT
Renault,Symbol,Authentique
Renault,Symbol,Expression
Renault,Symbol,Privilege
Renault,Kangoo,Authentique
Renault,Kangoo,Expression
Renault,Kangoo,Confort
Renault,Duster,Zen
Renault,Duster,Intens
Renault,Duster,Iconic
Renault,Duster,Oroch
Renault,Captur,Zen
Renault,Captur,Intens
Renault,Captur,Iconic
Renault,Kwid,Zen
Renault,Kwid,Intens
Renault,Kwid,Iconic
Renault,Oroch,Zen
Renault,Oroch,Intens
Renault,Oroch,Outsider
Renault,Koleos,Dynamique
Renault,Koleos,Privilege
Renault,Koleos,Intens
Renault,Alaskan,Zen
Renault,Alaskan,Intens
Renault,Alaskan,Iconic
Peugeot,206,XR
Peugeot,206,XS
Peugeot,206,XT
Peugeot,206,Sportium
Peugeot,206,Escapade
Peugeot,207,Active
Peugeot,207,Allure
Peugeot,207,Feline
Peugeot,207,Compact
Peugeot,207,Escapade
Peugeot,208,Active
Peugeot,208,Allure
Peugeot,208,Feline
Peugeot,208,GT
Peugeot,307,XS
Peugeot,307,XT
Peugeot,307,XT Premium
Peugeot,307,Feline
Peugeot,308,Active
Peugeot,308,Allure
Peugeot,308,Feline
Peugeot,308,GT
Peugeot,408,Active
Peugeot,408,Allure
Peugeot,408,Feline
Peugeot,408,GT
Peugeot,301,Active
Peugeot,301,Allure
Peugeot,2008,Active
Peugeot,2008,Allure
Peugeot,2008,Feline
Peugeot,2008,GT
Peugeot,3008,Active
Peugeot,3008,Allure
Peugeot,3008,Feline
Peugeot,3008,GT
Peugeot,5008,Active
Peugeot,5008,Allure
Peugeot,5008,Feline
Peugeot,5008,GT
Peugeot,Partner,Confort
Peugeot,Partner,Furgon
Peugeot,Partner,Patagonica
Fiat,Palio,EX
Fiat,Palio,ELX
Fiat,Palio,Fire
Fiat,Palio,Attractive
Fiat,Palio,Essence
Fiat,Siena,EX
Fiat,Siena,ELX
Fiat,Siena,Fire
Fiat,Siena,Attractive
Fiat,Siena,Essence
Fiat,Uno,Fire
Fiat,Uno,Attractive
Fiat,Uno,Way
Fiat,Uno,Sporting
Fiat,Punto,Attractive
Fiat,Punto,Essence
Fiat,Punto,Sporting
Fiat,Punto,Blackmotion
Fiat,Linea,Essence
Fiat,Linea,Absolute
Fiat,Idea,Attractive
Fiat,Idea,Essence
Fiat,Idea,Adventure
Fiat,Cronos,Drive
Fiat,Cronos,Precision
Fiat,Cronos,Trekking
Fiat,Argo,Drive
Fiat,Argo,Precision
Fiat,Argo,Trekking
Fiat,Argo,HGT
Fiat,Mobi,Easy
Fiat,Mobi,Like
Fiat,Mobi,Trekking
Fiat,Toro,Freedom
Fiat,Toro,Endurance
Fiat,Toro,Volcano
Fiat,Toro,Ranch
Fiat,Toro,Ultra
Fiat,Strada,Working
Fiat,Strada,Adventure
Fiat,Strada,Volcano
Fiat,Strada,Freedom
Fiat,Fiorino,Base
Fiat,Fiorino,Furgon
Fiat,500,Pop
Fiat,500,Lounge
Fiat,500,Sport
Toyota,Corolla,XLI
Toyota,Corolla,XEI
Toyota,Corolla,SEG
Toyota,Corolla,SE-G
Toyota,Corolla,GLI
Toyota,Corolla,Cross
Toyota,Etios,X
Toyota,Etios,XS
Toyota,Etios,Platinum
Toyota,Yaris,XLS
Toyota,Yaris,XEI
Toyota,Yaris,S
Toyota,Hilux,DX
Toyota,Hilux,SR
Toyota,Hilux,SRV
Toyota,Hilux,SRX
Toyota,Hilux,GR-Sport
Toyota,SW4/Fortuner,SR5
Toyota,SW4/Fortuner,SRV
Toyota,SW4/Fortuner,SRX
Toyota,RAV4,XLE
Toyota,RAV4,Limited
Toyota,RAV4,Adventure
Toyota,Corolla Cross,XLI
Toyota,Corolla Cross,XEI
Toyota,Corolla Cross,SEG
Toyota,Camry,LE
Toyota,Camry,SE
Toyota,Camry,XLE
Honda,Civic,LX
Honda,Civic,EX
Honda,Civic,EXS
Honda,Civic,Si
Honda,Civic,Type R
Honda,Fit,LX
Honda,Fit,EX
Honda,Fit,EXL
Honda,City,LX
Honda,City,EX
Honda,City,EXL
Honda,HR-V,LX
Honda,HR-V,EX
Honda,HR-V,EXL
Honda,HR-V,Touring
Honda,CR-V,LX
Honda,CR-V,EX
Honda,CR-V,EXL
Honda,CR-V,Touring
Honda,WR-V,LX
Honda,WR-V,EX
Honda,WR-V,EXL
Nissan,Sentra,XE
Nissan,Sentra,SE
Nissan,Sentra,SR
Nissan,Sentra,Advance
Nissan,Sentra,Exclusive
Nissan,Tiida,Acenta
Nissan,Tiida,Tekna
Nissan,Tiida,Visia
Nissan,March,Sense
Nissan,March,Advance
Nissan,March,Exclusive
Nissan,Versa,Sense
Nissan,Versa,Advance
Nissan,Versa,Exclusive
Nissan,Kicks,Sense
Nissan,Kicks,Advance
Nissan,Kicks,Exclusive
Nissan,X-Trail,Sense
Nissan,X-Trail,Advance
Nissan,X-Trail,Exclusive
Nissan,Frontier,S
Nissan,Frontier,SE
Nissan,Frontier,LE
Nissan,Frontier,Attack
Nissan,Frontier,Pro-4X
Nissan,Np300,S
Nissan,Np300,SE
Nissan,Np300,LE
Hyundai,Accent,GL
Hyundai,Accent,GLS
Hyundai,Elantra,GL
Hyundai,Elantra,GLS
Hyundai,Elantra,Limited
Hyundai,HB20,Comfort
Hyundai,HB20,Style
Hyundai,HB20,Diamond
Hyundai,Tucson,GL
Hyundai,Tucson,GLS
Hyundai,Tucson,Limited
Hyundai,Tucson,N Line
Hyundai,Creta,GL
Hyundai,Creta,GLS
Hyundai,Creta,Limited
Hyundai,Santa Fe,GL
Hyundai,Santa Fe,GLS
Hyundai,Santa Fe,Limited
Hyundai,i10,GL
Hyundai,i10,GLS
Kia,Rio,LX
Kia,Rio,EX
Kia,Rio,SX
Kia,Cerato,LX
Kia,Cerato,EX
Kia,Cerato,SX
Kia,Sportage,LX
Kia,Sportage,EX
Kia,Sportage,SX
Kia,Sportage,GT-Line
Kia,Sorento,LX
Kia,Sorento,EX
Kia,Sorento,SX
Kia,Picanto,LX
Kia,Picanto,EX
Kia,Soul,LX
Kia,Soul,EX
Citroën,C3,Live
Citroën,C3,Feel
Citroën,C3,Shine
Citroën,C4,Live
Citroën,C4,Feel
Citroën,C4,Shine
Citroën,C4,Lounge
Citroën,Berlingo,Live
Citroën,Berlingo,Feel
Citroën,Berlingo,Furgon
Citroën,C4 Cactus,Live
Citroën,C4 Cactus,Feel
Citroën,C4 Cactus,Shine
Suzuki,Fun,GL
Suzuki,Fun,GA
Suzuki,Swift,GL
Suzuki,Swift,GLX
Suzuki,Vitara,GL
Suzuki,Vitara,GLX
Suzuki,Vitara,All Grip
Suzuki,Jimny,JLX
Suzuki,Jimny,JX
Mitsubishi,Lancer,GL
Mitsubishi,Lancer,GLS
Mitsubishi,Lancer,Ralliart
Mitsubishi,ASX,GL
Mitsubishi,ASX,GLS
Mitsubishi,Outlander,GLS
Mitsubishi,Outlander,GLX
Mitsubishi,L200,GL
Mitsubishi,L200,GLS
Mitsubishi,L200,GLX
Mitsubishi,L200,Katana
Jeep,Renegade,Sport
Jeep,Renegade,Longitude
Jeep,Renegade,Limited
Jeep,Renegade,Trailhawk
Jeep,Compass,Sport
Jeep,Compass,Longitude
Jeep,Compass,Limited
Jeep,Compass,Trailhawk
Jeep,Grand Cherokee,Laredo
Jeep,Grand Cherokee,Limited
Jeep,Grand Cherokee,Overland
Jeep,Grand Cherokee,SRT
RAM,1500,Big Horn
RAM,1500,Laramie
RAM,1500,Rebel
RAM,1500,TRX
RAM,2500,SLT
RAM,2500,Laramie
RAM,2500,Limited
Chery,Tiggo,Comfort
Chery,Tiggo,Luxury
Chery,Tiggo,Flagship
Chery,QQ,Base
Chery,QQ,Full
DS,DS3,Chic
DS,DS3,Sport
DS,DS3,So Chic
BMW,Serie 3,320i
BMW,Serie 3,330i
BMW,Serie 3,M3
BMW,X1,sDrive
BMW,X1,xDrive
BMW,X3,sDrive
BMW,X3,xDrive
BMW,X3,M
Mercedes-Benz,Clase C,C180
Mercedes-Benz,Clase C,C200
Mercedes-Benz,Clase C,C300
Mercedes-Benz,Clase C,AMG
Mercedes-Benz,Clase A,A180
Mercedes-Benz,Clase A,A200
Mercedes-Benz,Clase A,AMG
Mercedes-Benz,GLA,GLA200
Mercedes-Benz,GLA,GLA250
Mercedes-Benz,GLA,AMG
Audi,A3,Attraction
Audi,A3,Ambition
Audi,A3,S3
Audi,A4,Attraction
Audi,A4,Ambition
Audi,A4,S4
Audi,Q3,Attraction
Audi,Q3,Ambition
Audi,Q3,S Line
Subaru,Impreza,2.0i
Subaru,Impreza,Sport
Subaru,Impreza,WRX
Subaru,Forester,2.0i
Subaru,Forester,XS
Subaru,Forester,XT
Subaru,XV,2.0i
Subaru,XV,2.0i-S
Mazda,2,GS
Mazda,2,GT
Mazda,2,GT Sport
Mazda,3,Touring
Mazda,3,Grand Touring
Mazda,3,GT
Mazda,CX-3,Touring
Mazda,CX-3,Grand Touring
Mazda,CX-5,Touring
Mazda,CX-5,Grand Touring
Mazda,CX-5,Signature
Isuzu,D-Max,DX
Isuzu,D-Max,LS
Isuzu,D-Max,LSE
JAC,T40/T60,Comfort
JAC,T40/T60,Luxury
Haval,H6,Active
Haval,H6,Premium
Haval,H6,Ultra
